ratio,duration_ms,work_kBTlow,work_J,Iphase_initial,Iphase_at_end,Iphase_final_steady,Ipos_initial,Ipos_at_end,Ipos_final_steady,energy_change_at_end_kBTlow,energy_change_after_relaxation_kBTlow
1.0,0.0,5.737501056894688e-08,2.3764425290101785e-28,9.031250875268365e-08,9.031250875268365e-08,4.2050000045668346e-08,9.031250875268365e-08,9.031250875268365e-08,4.2050000045668346e-08,5.7375010520388514e-08,-9.346079465899493e-12
1.0,0.1,5.281018308090941e-08,2.187369793814235e-28,9.031250875268365e-08,6.61003304576727e-08,4.2050000045668346e-08,9.031250875268365e-08,6.383504435486262e-08,4.2050000045668346e-08,5.265682112565173e-08,-9.346079465899493e-12
1.0,1.0,5.691648259100858e-08,2.3574505431838024e-28,9.031250875268365e-08,8.55815631119035e-08,4.2050000045668346e-08,9.031250875268365e-08,8.55526436896049e-08,4.2050000045668346e-08,5.475566089430117e-08,-9.346079465899493e-12
1.0,10.0,5.231023017717946e-08,2.1666620095167794e-28,9.031250875268365e-08,6.053286851501403e-08,4.2050000045668346e-08,9.031250875268365e-08,5.935311391194465e-08,4.2050000045668346e-08,3.9296016218770546e-08,-9.346079465899493e-12
1.0,100.0,4.9597250800597666e-08,2.054291841617831e-28,9.031250875268365e-08,4.566197662100621e-08,4.2050000045668346e-08,9.031250875268365e-08,4.559208608348924e-08,4.2050000045668346e-08,7.71053665360455e-09,-9.346079465899493e-12
1.0,1000.0,4.842200665467094e-08,2.0056138519729436e-28,9.031250875268365e-08,4.240071497413374e-08,4.2050000045668346e-08,9.031250875268365e-08,4.240001064864718e-08,4.2050000045668346e-08,6.966525134544099e-10,-9.346079465899493e-12
2.0,0.0,9.562501754257183e-08,3.960737545354028e-28,0.00019852732832226216,0.00019852732832226216,0.0004241016690851307,9.03574638444482e-08,9.03574638444482e-08,4.209490389595061e-08,9.562501723792138e-08,-0.0009457121531828427
2.0,0.1,8.801885755660172e-08,3.6456944299999383e-28,0.00019852732832226216,0.00019832970769462221,0.0004241016690851307,9.03574638444482e-08,6.387285422793099e-08,4.209490389595061e-08,-4.1158070729352403e-07,-0.0009457121531828427
2.0,1.0,9.486068377941454e-08,3.9290792459809472e-28,0.00019852732832226216,0.00021257530445528694,0.0004241016690851307,9.03574638444482e-08,8.559748776448828e-08,4.209490389595061e-08,-4.729999255026485e-05,-0.0009457121531828427
2.0,10.0,8.718152153020967e-08,3.611012415574874e-28,0.00019852732832226216,0.00039839344537218047,0.0004241016690851307,9.03574638444482e-08,5.939367064833334e-08,4.209490389595061e-08,-0.0005165679928929023,-0.0009457121531828427
2.0,100.0,8.266125861000625e-08,3.4237855211593957e-28,0.00019852732832226216,0.00042269439417830235,0.0004241016690851307,9.03574638444482e-08,4.563561362136426e-08,4.209490389595061e-08,-0.0008245115086289445,-0.0009457121531828427
2.0,1000.0,8.070324859539114e-08,3.3426857840993455e-28,0.00019852732832226216,0.0004239791882960642,0.0004241016690851307,9.03574638444482e-08,4.2444735615099205e-08,4.209490389595061e-08,-0.0009311828609113171,-0.0009457121531828427
10.0,0.0,4.01625073331534e-07,1.6635097676103273e-27,0.0009121256674280431,0.0009121256674280431,0.0019511334609871867,9.040900539325492e-08,9.040900539325492e-08,4.2146574674717385e-08,4.016250727545412e-07,-0.008511409303878281
10.0,0.1,3.696882533621608e-07,1.5312291519486418e-27,0.0009121256674280431,0.0009113058701952781,0.0019511334609871867,9.040900539325492e-08,6.391625451129812e-08,4.2146574674717385e-08,-4.125480915107005e-06,-0.008511409303878281
10.0,1.0,3.9841429328663345e-07,1.650210886835692e-27,0.0009121256674280431,0.0009767945192376004,0.0019511334609871867,9.040900539325492e-08,8.565066322852033e-08,4.2146574674717385e-08,-0.0004261379782164454,-0.008511409303878281
10.0,10.0,3.661518523544669e-07,1.5165815664040272e-27,0.0009121256674280431,0.0018321978068835953,0.0019511334609871867,9.040900539325492e-08,5.944131964419341e-08,4.2146574674717385e-08,-0.004649426304158766,-0.008511409303878281
10.0,100.0,3.4717332108528217e-07,1.4379734957492214e-27,0.0009121256674280431,0.0019444816056055636,0.0019511334609871867,9.040900539325492e-08,4.568577116614847e-08,4.2146574674717385e-08,-0.007420665261951953,-0.008511409303878281
10.0,1000.0,3.3895318412115494e-07,1.4039261241110655e-27,0.0009121256674280431,0.0019505489536078002,0.0019511334609871867,9.040900539325492e-08,4.2496205887587735e-08,4.2146574674717385e-08,-0.008380651321420629,-0.008511409303878281
