ratio,duration_ms,work_kBTlow,work_J,quasistatic_work_kBTlow,excess_work_kBTlow,Iphase_initial,Iphase_end,Iphase_final_steady,Ipos_initial,Ipos_end,Ipos_final_steady
1.0,0.0,0.00013511484762079076,5.596385377583915e-25,0.000135096594886006,1.8252734784745704e-08,9.038932486169068e-08,9.038932486169068e-08,4.207439753805414e-08,9.038932486169068e-08,9.038932486169068e-08,4.207439753805414e-08
1.0,0.1,0.00013510570366840978,5.596006639922589e-25,0.000135096594886006,9.108782403772489e-09,9.038932486169068e-08,6.614485261911222e-08,4.207439753805414e-08,9.038932486169068e-08,6.387493191621282e-08,4.207439753805414e-08
1.0,1.0,0.0001351123694387874,5.596282732598772e-25,0.000135096594886006,1.577455278138867e-08,9.038932486169068e-08,7.990385067512852e-08,4.207439753805414e-08,9.038932486169068e-08,7.775775750937458e-08,4.207439753805414e-08
1.0,10.0,0.0001351042955290902,5.595948315538286e-25,0.000135096594886006,7.700643084188139e-09,9.038932486169068e-08,5.9398268580882364e-08,4.207439753805414e-08,9.038932486169068e-08,5.79961833423355e-08,4.207439753805414e-08
1.0,100.0,0.00013509925829176248,5.595739675837907e-25,0.000135096594886006,2.6634057564674588e-09,9.038932486169068e-08,4.567513545801396e-08,4.207439753805414e-08,9.038932486169068e-08,4.5604242208897774e-08,4.207439753805414e-08
1.0,1000.0,0.00013509691578845619,5.595642650592488e-25,0.000135096594886006,3.20902450174753e-10,9.038932486169068e-08,4.2424766553159163e-08,4.207439753805414e-08,9.038932486169068e-08,4.2424057343504185e-08,4.207439753805414e-08
10.0,0.0,0.0009453006883025747,3.915385350012785e-24,0.0009449396335345451,3.6105476802956744e-07,0.0009117394651809718,0.0009117394651809718,0.001950571844420601,9.048586280258064e-08,9.048586280258064e-08,4.2170999359214534e-08
10.0,0.1,0.0009452366387140491,3.91512006001174e-24,0.0009449396335345451,2.970051795039754e-07,0.0009117394651809718,0.000910920227728873,0.001950571844420601,9.048586280258064e-08,6.395616791721181e-08,4.2170999359214534e-08
10.0,1.0,0.0009452760388297195,3.9152832532026404e-24,0.0009449396335345451,3.3640529517435253e-07,0.0009117394651809718,0.0009763932243900264,0.001950571844420601,9.048586280258064e-08,7.785131272974866e-08,4.2170999359214534e-08
10.0,10.0,0.0009451047998491052,3.914573990420602e-24,0.0009449396335345451,1.651663145601015e-07,0.0009117394651809718,0.0018314548404245734,0.001950571844420601,9.048586280258064e-08,5.8104312250506496e-08,4.2170999359214534e-08
10.0,100.0,0.0009449972647530049,3.914128585751915e-24,0.0009449396335345451,5.763121845980129e-08,0.0009117394651809718,0.0019438501182493795,0.001950571844420601,9.048586280258064e-08,4.5703500983762524e-08,4.2170999359214534e-08
10.0,1000.0,0.0009449468970246915,3.91391996529073e-24,0.0009449396335345451,7.26349014637008e-09,0.0009117394651809718,0.0019499802651026243,0.001950571844420601,9.048586280258064e-08,4.252086749367834e-08,4.2170999359214534e-08
430.0,0.0,0.03875397325345251,1.605169032552179e-22,0.03873761477046637,1.6358482986145173e-05,0.0012327263797704546,0.0012327263797704546,0.002638357688846682,9.050161775547849e-08,9.050161775547849e-08,4.21868318056795e-08
430.0,0.1,0.038751346940843936,1.6050602520758771e-22,0.03873761477046637,1.3732170377568631e-05,0.0012327263797704546,0.0012316280337447694,0.002638357688846682,9.050161775547849e-08,6.396944307596186e-08,4.21868318056795e-08
430.0,1.0,0.03875291394373993,1.605125156505318e-22,0.03873761477046637,1.5299173273565503e-05,0.0012327263797704546,0.0013201960584510175,0.002638357688846682,9.050161775547849e-08,7.786714739665967e-08,4.21868318056795e-08
430.0,10.0,0.038745128334783205,1.6048026807087029e-22,0.03873761477046637,7.513564316836974e-06,0.0012327263797704546,0.0024770010168229106,0.002638357688846682,9.050161775547849e-08,5.812235226443363e-08,4.21868318056795e-08
430.0,100.0,0.038740237566277626,1.6046001076693093e-22,0.03873761477046637,2.6227958112579053e-06,0.0012327263797704546,0.0026292014295226096,0.002638357688846682,9.050161775547849e-08,4.5719789731890614e-08,4.21868318056795e-08
430.0,1000.0,0.038737946021382384,1.604505193094267e-22,0.03873761477046637,3.31250916016379e-07,0.0012327263797704546,0.002637549705811537,0.002638357688846682,9.050161775547849e-08,4.2536735023190886e-08,4.21868318056795e-08
