feature,penalty,hit,steps,seconds,raw_j,net_j,val_mi,val_ce,test_mi,test_ce
0,0.1,False,100,0.41914100000212784,28.4322219984,24.612908400542153,0.08640096336603165,0.44005313515663147,0.08744235336780548,0.4442913234233856
0,0.3,False,100,0.4102309999980207,27.0704579976,23.332334462686187,0.06943538784980774,0.44401538372039795,0.07038135826587677,0.4477064907550812
0,1.0,False,100,0.40712109999731183,27.7084569996,23.998671621441613,0.03633609041571617,0.462463915348053,0.03693060576915741,0.4651033282279968
0,3.0,False,100,0.4279625000017404,25.322441997600002,21.422744770123835,0.010730404406785965,0.5027620196342468,0.011016404256224632,0.5042010545730591
0,10.0,False,100,0.4093953000010515,27.5794419996,23.848933564049265,0.0016523980302736163,0.5445495247840881,0.0017522256821393967,0.5448960661888123
1,0.1,False,100,0.4567661000000953,30.629320002,26.467157443906174,0.02349306270480156,0.4395539164543152,0.023948924615979195,0.4439025819301605
1,0.3,False,100,0.4406651999997848,30.3761090016,26.36066171666872,0.01930837146937847,0.44031810760498047,0.01972794532775879,0.44458094239234924
1,1.0,True,10,0.045581500002299435,2.7930679992000003,2.3777184085642573,0.011970030143857002,0.4445723593235016,0.012300984933972359,0.4484701156616211
1,3.0,True,10,0.0457276000015554,2.9653930008000002,2.5487121118331406,0.0059230392798781395,0.45389240980148315,0.006111012771725655,0.45728573203086853
1,10.0,False,100,0.44876490000024205,29.6552109996,25.565957300239784,0.0006800016271881759,0.46821776032447815,0.0007395261200144887,0.4717211425304413
2,0.1,False,100,0.4065584999989369,27.7905630024,24.085904170735365,0.05409904569387436,0.4399816393852234,0.055700287222862244,0.44422993063926697
2,0.3,False,100,0.4068544000001566,28.0208989944,24.313543850758588,0.043742891401052475,0.4429769217967987,0.0452120266854763,0.4467431604862213
2,1.0,True,20,0.08123200000045472,5.1700550004000005,4.429849479629304,0.024608515202999115,0.45392367243766785,0.025532517582178116,0.4571537971496582
2,3.0,False,100,0.41071869999723276,27.8427790008,24.100211426198697,0.007541485130786896,0.4818856716156006,0.008013369515538216,0.48400619626045227
2,10.0,False,100,0.40482410000186064,27.3733230024,23.68446844064197,0.0013078979682177305,0.5100826025009155,0.0014687972143292427,0.5116511583328247
5,0.1,False,100,0.41415090000009513,28.965361996800002,25.191519390308635,0.013849597424268723,0.4395004212856293,0.012265860103070736,0.44391387701034546
5,0.3,False,100,0.41629699999975855,23.3668429992,19.573444613362216,0.011617384850978851,0.43993839621543884,0.010167304426431656,0.44441670179367065
5,1.0,True,20,0.08148509999955422,5.5169619984,4.774450169565494,0.006057258695363998,0.4437984228134155,0.0050619798712432384,0.44846776127815247
5,3.0,True,10,0.04327009999906295,2.778550002,2.384262444098838,0.003654005005955696,0.44673416018486023,0.00288204662501812,0.45050421357154846
5,10.0,True,20,0.08261759999732021,5.6657409984000004,4.91290955721304,0.0015724198892712593,0.4532147943973541,0.001084533636458218,0.4570859372615814
